,0
0,catsfutures
1,josie_the_ragdoll_cat
2,yoda.the.fluff
3,admiremycat
4,marija.sabol
5,kittenlife_of_luna
6,maurobdrum
7,instaghibli
8,summerstravels
9,pretty_catslovers
10,oovivianeoo
11,emporiomariamineira
12,mojoandnimo_
13,bengals_for_love
14,tacotantays
15,bullyking_maurice
16,our_fostering_tails
17,catfostermom
18,lolo_my_caty
19,milo__siberian
20,primuscat
21,priya.jerson
22,jackrussellwrld
23,oridisia_cats
24,amadosfelinos
25,niki_british.cat
26,hogan.winky.kitty
27,i.think.its.amazing
28,jakee_cats
29,chester_morriss
30,dailylifeofboots
31,catssgallery
32,beatrizbnogueira
33,houseofsharkey
34,thewalkinglilly
35,floofyboi.tiger
36,cat_ig_lovers
37,lincoln_and_kiwi
38,savithridhavaleshwar
39,leo_the_scottish_fold
40,bengals_familly
41,anacandyda
42,nabesentochiro
43,catcafemocha
44,camilamiraglia
45,listrindadee
46,ragdoll.ralphie
47,catsofweek
48,pdxkittens
49,kats_guineapigs
50,fosterkittensvegas
51,ragdollcatking
52,cats_intsaworld
53,cats_presidency
54,dailypigture
55,anastasiyakonst
56,rocconnikodagoldens
57,wolves.realm
58,gatalunacatarina
59,mr.simonmiau
60,fosterkittens_tn
61,sweetcatclub
62,catloverszo_ne
63,cutepuppyexpo
64,dailycatclub
65,catloversclub
66,yanyam2929
67,malsook03.01
68,soso_picasso
69,yam__cat
70,yurathecat
71,bengalen_aus_bremen
72,champagneunicorns
73,erikagraziele
74,dachsalsichas
75,denkcats
76,kittens_of_world
77,instacatsofficial
78,ez.inger
79,love_animalsgram
80,__.komalll
81,goldenlunch
82,thedalmatianlife
83,catlandrescue
84,milo_gato
85,riverthegreyhound
86,pearlbrits_
87,adorablemeowcats
88,astrotheparrotlet
89,nacho.thekittycat
90,dam___tan
91,d____u_d____z
92,inscatgramers
93,coco41
94,fabian.serra
95,gauderiachic
96,feltmoon_uk
97,shrek_andfiona
98,cats_of_day_
99,mellamprey
100,cat.posts.daily
101,kittens.hub
102,sol_namu
103,_a_n_z_u_z_
104,hermines_world
105,cutest_goldens
106,animalitostosend
107,alfietheragdoll_
108,genevieve_davis
109,bleachfilm
110,ig_fotografdiyari
111,snortandsnarfle
112,nalamushu.twin.cats
113,ilive_lucid
114,banoocat
115,nico_aoi
116,yurian_sweet
117,mysweetragdolls
118,cino_taison
119,kitty_with_your_name
120,kitties_words
121,lizandmollie
122,lindosgatitos2020
123,pawsmylove
124,catslover168
125,batonthecat
126,lorelai_sebastian
127,unpizzicodipeperosa
128,staffegutta_trygg_og_kaos
129,wildsportswear
130,gato_cats
131,espressina_thevancat
132,nevenkahonores
